<?xml version="1.0" encoding="utf-8" ?>
<dwsync>
<file name="body.png" server="C:/xampp/htdocs/myprojects/" local="129418022420000000" remote="129418022420000000" />
<file name="slider-top.png" server="C:/xampp/htdocs/myprojects/" local="129418053400000000" remote="129418053400000000" />
<file name="list-item.gif" server="C:/xampp/htdocs/myprojects/" local="129418076200000000" remote="129418076200000000" />
<file name="header-bg.png" server="C:/xampp/htdocs/myprojects/" local="129418063340000000" remote="129418063340000000" />
<file name="nav-bg.png" server="C:/xampp/htdocs/myprojects/" local="129418032420000000" remote="129418032420000000" />
<file name="submenu-item.gif" server="C:/xampp/htdocs/myprojects/" local="129418050620000000" remote="129418050620000000" />
<file name="submenu-item-hover.gif" server="C:/xampp/htdocs/myprojects/" local="129418049680000000" remote="129418049680000000" />
<file name="slide-prev.gif" server="C:/xampp/htdocs/myprojects/" local="129418059580000000" remote="129418059580000000" />
<file name="slide-next.gif" server="C:/xampp/htdocs/myprojects/" local="129418059540000000" remote="129418059540000000" />
<file name="content-top.png" server="C:/xampp/htdocs/myprojects/" local="129418029480000000" remote="129418029480000000" />
<file name="content-top-slider.png" server="C:/xampp/htdocs/myprojects/" local="129418055280000000" remote="129418055280000000" />
<file name="h4-bg.png" server="C:/xampp/htdocs/myprojects/" local="129418077560000000" remote="129418077560000000" />
<file name="footer.png" server="C:/xampp/htdocs/myprojects/" local="129418080080000000" remote="129418080080000000" />
<file name="footer2.png" server="C:/xampp/htdocs/myprojects/" local="129418081780000000" remote="129418081780000000" />
<file name="slide-1.png" server="C:/xampp/htdocs/myprojects/" local="130886273318088637" remote="130886273310000000" />
<file name="slide-3.png" server="C:/xampp/htdocs/myprojects/" local="129393843680000000" remote="129393843680000000" />
<file name="Logo.jpg" server="C:/xampp/htdocs/myprojects/" local="130885342395796356" remote="130885342390000000" />
</dwsync>